3774,"Ted Stevens Anchorage Intl","Anchorage","United States","ANC","PANC",61.174361,-149.996361,152,-9,"A"
3682,"Hartsfield Jackson Atlanta Intl","Atlanta","United States","ATL","KATL",33.636719,-84.428067,1026,-5,"A"
3673,"Austin Bergstrom Intl","Austin","United States","AUS","KAUS",30.194528,-97.669889,542,-6,"A"
3825,"Bradley Intl","Windsor Locks","United States","BDL","KBDL",41.938889,-72.683222,173,-5,"A"
3690,"Nashville Intl","Nashville","United States","BNA","KBNA",36.124472,-86.678194,599,-6,"A"
3495,"Boise Air Terminal","Boise","United States","BOI","KBOI",43.564361,-116.222861,2871,-7,"A"
3448,"General Edward Lawrence Logan Intl","Boston","United States","BOS","KBOS",42.364347,-71.005181,19,-5,"A"
3849,"Baltimore Washington Intl","Baltimore","United States","BWI","KBWI",39.175361,-76.668333,146,-5,"A"
3486,"Cleveland Hopkins Intl","Cleveland","United States","CLE","KCLE",41.411689,-81.849794,791,-5,"A"
3876,"Charlotte Douglas Intl","Charlotte","United States","CLT","KCLT",35.214,-80.943139,748,-5,"A"
3759,"Port Columbus Intl","Columbus","United States","CMH","KCMH",39.997972,-82.891889,815,-5,"A"
3520,"Ronald Reagan Washington Natl","Washington","United States","DCA","KDCA",38.852083,-77.037722,15,-5,"A"
3751,"Denver Intl","Denver","United States","DEN","KDEN",39.861656,-104.673178,5431,-7,"A"
3670,"Dallas Fort Worth Intl","Dallas-fort Worth","United States","DFW","KDFW",32.896828,-97.037997,607,-6,"A"
3645,"Detroit Metro Wayne Co","Detroit","United States","DTW","KDTW",42.212444,-83.353389,645,-5,"A"
3494,"Newark Liberty Intl","Newark","United States","EWR","KEWR",40.6925,-74.168667,18,-5,"A"
3533,"Fort Lauderdale Hollywood Intl","Fort Lauderdale","United States","FLL","KFLL",26.072583,-80.15275,9,-5,"A"
3728,"Honolulu Intl","Honolulu","United States","HNL","PHNL",21.318681,-157.922428,13,-10,"N"
3714,"Washington Dulles Intl","Washington","United States","IAD","KIAD",38.944533,-77.455811,313,-5,"A"
3550,"George Bush Intcntl Houston","Houston","United States","IAH","KIAH",29.984433,-95.341442,97,-6,"A"
3585,"Indianapolis Intl","Indianapolis","United States","IND","KIND",39.717331,-86.294383,797,-5,"A"
3712,"Jacksonville Intl","Jacksonville","United States","JAX","KJAX",30.494056,-81.687861,30,-5,"A"
3797,"John F Kennedy Intl","New York","United States","JFK","KJFK",40.639751,-73.778925,13,-5,"A"
3877,"Mc Carran Intl","Las Vegas","United States","LAS","KLAS",36.080056,-115.15225,2141,-8,"A"
3484,"Los Angeles Intl","Los Angeles","United States","LAX","KLAX",33.942536,-118.408075,126,-8,"A"
3697,"La Guardia","New York","United States","LGA","KLGA",40.777245,-73.872608,22,-5,"A"
3458,"Kansas City Intl","Kansas City","United States","MCI","KMCI",39.297606,-94.713905,1026,-6,"A"
3878,"Orlando Intl","Orlando","United States","MCO","KMCO",28.429394,-81.308994,96,-5,"A"
3747,"Chicago Midway Intl","Chicago","United States","MDW","KMDW",41.785972,-87.752417,620,-6,"A"
3576,"Miami Intl","Miami","United States","MIA","KMIA",25.79325,-80.290556,8,-5,"A"
3858,"Minneapolis St Paul Intl","Minneapolis","United States","MSP","KMSP",44.881956,-93.221767,841,-6,"A"
3861,"Louis Armstrong New Orleans Intl","New Orleans","United States","MSY","KMSY",29.993389,-90.258028,4,-6,"A"
3453,"Metropolitan Oakland Intl","Oakland","United States","OAK","KOAK",37.721278,-122.220722,9,-8,"A"
3830,"Chicago Ohare Intl","Chicago","United States","ORD","KORD",41.978603,-87.904842,668,-6,"A"
3720,"Portland Intl","Portland","United States","PDX","KPDX",45.588722,-122.5975,30,-8,"A"
3752,"Philadelphia Intl","Philadelphia","United States","PHL","KPHL",39.871944,-75.241139,36,-5,"A"
3462,"Phoenix Sky Harbor Intl","Phoenix","United States","PHX","KPHX",33.434278,-112.011583,1135,-7,"N"
3570,"Pittsburgh Intl","Pittsburgh (pennsylva)","United States","PIT","KPIT",40.491467,-80.232872,1204,-5,"A"
3641,"Theodore Francis Green State","Providence","United States","PVD","KPVD",41.732581,-71.420383,55,-5,"A"
3626,"Raleigh Durham Intl","Raleigh-durham","United States","RDU","KRDU",35.877639,-78.787472,435,-5,"A"
3731,"San Diego Intl","San Diego","United States","SAN","KSAN",32.733556,-117.189667,17,-8,"A"
3577,"Seattle Tacoma Intl","Seattle","United States","SEA","KSEA",47.449,-122.309306,433,-8,"A"
3469,"San Francisco Intl","San Francisco","United States","SFO","KSFO",37.618972,-122.374889,13,-8,"A"
3748,"Norman Y Mineta San Jose Intl","San Jose","United States","SJC","KSJC",37.3626,-121.929022,62,-8,"A"
2890,"Luis Munoz Marin Intl","San Juan","Puerto Rico","SJU","TJSJ",18.439417,-66.001833,9,-4,"U"
3536,"Salt Lake City Intl","Salt Lake City","United States","SLC","KSLC",40.788389,-111.977772,4227,-7,"A"
3817,"Sacramento Intl","Sacramento","United States","SMF","KSMF",38.695417,-121.590778,27,-8,"A"
3678,"Lambert St Louis Intl","St. Louis","United States","STL","KSTL",38.748697,-90.370028,618,-6,"A"
3646,"Tampa Intl","Tampa","United States","TPA","KTPA",27.975472,-82.53325,26,-5,"A"
193,"Lester B Pearson Intl","Toronto","Canada","YYZ","CYYZ",43.677223,-79.630556,569,-5,"A"
